"Code","Common.Name","Scientific.Name"
"emu1","Emu","Dromaius novaehollandiae"
"bbwduc","Black-bellied Whistling-Duck","Dendrocygna autumnalis"
"fuwduc","Fulvous Whistling-Duck","Dendrocygna bicolor"
"bahgoo","Bar-headed Goose","Anser indicus"
"empgoo","Emperor Goose","Anser canagicus"
"snogoo","Snow Goose","Anser caerulescens"
"rosgoo","Ross's Goose","Anser rossii"
"sxrgoo1","Snow x Ross's Goose (hybrid)","Anser caerulescens x rossii"
"gragoo","Graylag Goose","Anser anser"
"swagoo1","Swan Goose","Anser cygnoides"
"x00776","Graylag x Swan Goose (hybrid)","Anser anser x cygnoides"
"gwfgoo","Greater White-fronted Goose","Anser albifrons"
"x00627","Snow x Greater White-fronted Goose (hybrid)","Anser caerulescens x albifrons"
"taibeg1","Taiga Bean-Goose","Anser fabalis"
"tunbeg1","Tundra Bean-Goose","Anser serrirostris"
"pifgoo","Pink-footed Goose","Anser brachyrhynchus"
"brant","Brant","Branta bernicla"
"bargoo","Barnacle Goose","Branta leucopsis"
"cacgoo1","Cackling Goose","Branta hutchinsii"
"x00692","Snow x Cackling Goose (hybrid)","Anser caerulescens x Branta hutchinsii"
"x00694","Ross's x Cackling Goose (hybrid)","Anser rossii x Branta hutchinsii"
"x00414","Greater White-fronted x Cackling Goose (hybrid)","Anser albifrons x Branta hutchinsii"
"cangoo","Canada Goose","Branta canadensis"
"swagoo3","Swan Goose x Canada Goose (hybrid)","Anser cygnoides x Branta canadensis"
"x00415","Greater White-fronted x Canada Goose (hybrid)","Anser albifrons x Branta canadensis"
"x00758","Graylag x Canada Goose (hybrid)","Anser anser x Branta canadensis"
"x00759","Domestic goose sp. x Canada Goose (hybrid)","Anser sp. (Domestic type) x Branta canadensis"
"x00197","Snow x Canada Goose (hybrid)","Anser caerulescens x Branta canadensis"
"x00417","Barnacle x Canada Goose (hybrid)","Branta leucopsis x canadensis"
"y00765","Snow/Ross's x Cackling/Canada Goose (hybrid)","Anser caerulescens/rossii x Branta hutchinsii/canadensis"
"rebgoo1","Red-breasted Goose","Branta ruficollis"
"mutswa","Mute Swan","Cygnus olor"
"blkswa","Black Swan","Cygnus atratus"
"truswa","Trumpeter Swan","Cygnus buccinator"
"x00832","Mute x Trumpeter Swan (hybrid)","Cygnus olor x buccinator"
"tunswa","Tundra Swan","Cygnus columbianus"
"whoswa","Whooper Swan","Cygnus cygnus"
"egygoo","Egyptian Goose","Alopochen aegyptiaca"
"rudshe","Ruddy Shelduck","Tadorna ferruginea"
"soashe1","South African Shelduck","Tadorna cana"
"comshe","Common Shelduck","Tadorna tadorna"
"musduc","Muscovy Duck","Cairina moschata"
"rintea1","Ringed Teal","Callonetta leucophrys"
"wooduc","Wood Duck","Aix sponsa"
"manduc","Mandarin Duck","Aix galericulata"
"x00833","Wood x Mandarin Duck (hybrid)","Aix sponsa x galericulata"
"baitea","Baikal Teal","Sibirionetta formosa"
"gargan","Garganey","Spatula querquedula"
"buwtea","Blue-winged Teal","Spatula discors"
"cintea","Cinnamon Teal","Spatula cyanoptera"
"bwxtea1","Blue-winged x Cinnamon Teal (hybrid)","Spatula discors x cyanoptera"
"norsho","Northern Shoveler","Spatula clypeata"
"x00629","Blue-winged Teal x Northern Shoveler (hybrid)","Spatula discors x clypeata"
"x00630","Cinnamon Teal x Northern Shoveler (hybrid)","Spatula cyanoptera x clypeata"
"gadwal","Gadwall","Mareca strepera"
"x00457","Northern Shoveler x Gadwall (hybrid)","Spatula clypeata x Mareca strepera"
"falduc","Falcated Duck","Mareca falcata"
"eurwig","Eurasian Wigeon","Mareca penelope"
"amewig","American Wigeon","Mareca americana"
"x00724","Gadwall x American Wigeon (hybrid)","Mareca strepera x americana"
"x00421","Eurasian x American Wigeon (hybrid)","Mareca penelope x americana"
"chiwig1","Chiloe Wigeon","Mareca sibilatrix"
"mallar3","Mallard","Anas platyrhynchos"
"mdxmal1","Muscovy Duck x Mallard (hybrid)","Cairina moschata x Anas platyrhynchos"
"x00205","Wood Duck x Mallard (hybrid)","Aix sponsa x Anas platyrhynchos"
"x00612","Northern Shoveler x Mallard (hybrid)","Spatula clypeata x Anas platyrhynchos"
"x00420","Gadwall x Mallard (hybrid)","Mareca strepera x Anas platyrhynchos"
"x00611","American Wigeon x Mallard (hybrid)","Mareca americana x Anas platyrhynchos"
"ambduc","American Black Duck","Anas rubripes"
"x00004","Mallard x American Black Duck (hybrid)","Anas platyrhynchos x rubripes"
"motduc","Mottled Duck","Anas fulvigula"
"whcpin","White-cheeked Pintail","Anas bahamensis"
"norpin","Northern Pintail","Anas acuta"
"x00610","Gadwall x Northern Pintail (hybrid)","Mareca strepera x Anas acuta"
"x00196","American Wigeon x Northern Pintail (hybrid)","Mareca americana x Anas acuta"
"x00628","Mallard x Northern Pintail (hybrid)","Anas platyrhynchos x acuta"
"gnwtea","Green-winged Teal","Anas crecca"
"x00673","Blue-winged x Green-winged Teal (hybrid)","Spatula discors x Anas crecca"
"x00763","Cinnamon x Green-winged Teal (hybrid)","Spatula cyanoptera x Anas crecca"
"x00762","Gadwall x Green-winged Teal (hybrid)","Mareca strepera x Anas crecca"
"x00646","American Wigeon x Green-winged Teal (hybrid)","Mareca americana x Anas crecca"
"x00725","Northern Pintail x Green-winged Teal (hybrid)","Anas acuta x crecca"
"martea1","Marbled Teal","Marmaronetta angustirostris"
"recpoc","Red-crested Pochard","Netta rufina"
"canvas","Canvasback","Aythya valisineria"
"redhea","Redhead","Aythya americana"
"x00684","Canvasback x Redhead (hybrid)","Aythya valisineria x americana"
"compoc","Common Pochard","Aythya ferina"
"rinduc","Ring-necked Duck","Aythya collaris"
"x00880","Canvasback x Ring-necked Duck (hybrid)","Aythya valisineria x collaris"
"x00679","Redhead x Ring-necked Duck (hybrid)","Aythya americana x collaris"
"tufduc","Tufted Duck","Aythya fuligula"
"x00652","Ring-necked x Tufted Duck (hybrid)","Aythya collaris x fuligula"
"gresca","Greater Scaup","Aythya marila"
"x00680","Redhead x Greater Scaup (hybrid)","Aythya americana x marila"
"x00779","Ring-necked Duck x Greater Scaup (hybrid)","Aythya collaris x marila"
"x00654","Tufted Duck x Greater Scaup (hybrid)","Aythya fuligula x marila"
"lessca","Lesser Scaup","Aythya affinis"
"x00678","Redhead x Lesser Scaup (hybrid)","Aythya americana x affinis"
"x00613","Ring-necked Duck x Lesser Scaup (hybrid)","Aythya collaris x affinis"
"x00653","Tufted Duck x Lesser Scaup (hybrid)","Aythya fuligula x affinis"
"x00377","Canvasback x scaup sp. (hybrid)","Aythya valisineria x marila/affinis"
"x00681","Redhead x scaup sp. (hybrid)","Aythya americana x marila/affinis"
"x00682","Ring-necked Duck x scaup sp. (hybrid)","Aythya collaris x marila/affinis"
"tdxsca1","Tufted Duck x scaup sp. (hybrid)","Aythya fuligula x marila/affinis"
"steeid","Steller's Eider","Polysticta stelleri"
"labduc","Labrador Duck","Camptorhynchus labradorius"
"speeid","Spectacled Eider","Somateria fischeri"
"kineid","King Eider","Somateria spectabilis"
"comeid","Common Eider","Somateria mollissima"
"x00665","King x Common Eider (hybrid)","Somateria spectabilis x mollissima"
"harduc","Harlequin Duck","Histrionicus histrionicus"
"sursco","Surf Scoter","Melanitta perspicillata"
"whwsco2","White-winged Scoter","Melanitta deglandi"
"blksco1","Common Scoter","Melanitta nigra"
"blksco2","Black Scoter","Melanitta americana"
"lotduc","Long-tailed Duck","Clangula hyemalis"
"buffle","Bufflehead","Bucephala albeola"
"comgol","Common Goldeneye","Bucephala clangula"
"x00655","Bufflehead x Common Goldeneye (hybrid)","Bucephala albeola x clangula"
"x00909","Bufflehead x goldeneye sp. (hybrid)","Bucephala albeola x clangula/islandica"
"bargol","Barrow's Goldeneye","Bucephala islandica"
"cxbgol1","Common x Barrow's Goldeneye (hybrid)","Bucephala clangula x islandica"
"smew","Smew","Mergellus albellus"
"hoomer","Hooded Merganser","Lophodytes cucullatus"
"x00202","Wood Duck x Hooded Merganser (hybrid)","Aix sponsa x Lophodytes cucullatus"
"x00424","Bufflehead x Hooded Merganser (hybrid)","Bucephala albeola x Lophodytes cucullatus"
"x00425","Common Goldeneye x Hooded Merganser (hybrid)","Bucephala clangula x Lophodytes cucullatus"
"x00426","Barrow's Goldeneye x Hooded Merganser (hybrid)","Bucephala islandica x Lophodytes cucullatus"
"x00631","goldeneye sp. x Hooded Merganser (hybrid)","Bucephala clangula/islandica x Lophodytes cucullatus"
"commer","Common Merganser","Mergus merganser"
"rebmer","Red-breasted Merganser","Mergus serrator"
"rudduc","Ruddy Duck","Oxyura jamaicensis"
"helgui","Helmeted Guineafowl","Numida meleagris"
"mouqua","Mountain Quail","Oreortyx pictus"
"norbob","Northern Bobwhite","Colinus virginianus"
"calqua","California Quail","Callipepla californica"
"gamqua","Gambel's Quail","Callipepla gambelii"
"wiltur","Wild Turkey","Meleagris gallopavo"
"rufgro","Ruffed Grouse","Bonasa umbellus"
"saggro","Greater Sage-Grouse","Centrocercus urophasianus"
"dusgro","Dusky Grouse","Dendragapus obscurus"
"soogro1","Sooty Grouse","Dendragapus fuliginosus"
"shtgro","Sharp-tailed Grouse","Tympanuchus phasianellus"
"x00727","Greater Sage-Grouse x Sharp-tailed Grouse (hybrid)","Centrocercus urophasianus x Tympanuchus phasianellus"
"grpchi","Greater Prairie-Chicken","Tympanuchus cupido"
"x00728","Sharp-tailed Grouse x Greater Prairie-Chicken (hybrid)","Tympanuchus phasianellus x cupido"
"whtpta1","White-tailed Ptarmigan","Lagopus leucura"
"wilpta","Willow Ptarmigan","Lagopus lagopus"
"rocpta1","Rock Ptarmigan","Lagopus muta"
"sprgro","Spruce Grouse","Canachites canadensis"
"grypar","Gray Partridge","Perdix perdix"
"golphe","Golden Pheasant","Chrysolophus pictus"
"laaphe1","Lady Amherst's Pheasant","Chrysolophus amherstiae"
"rinphe1","Ring-necked Pheasant","Phasianus colchicus"
"rinphe2","Green Pheasant","Phasianus versicolor"
"silphe","Silver Pheasant","Lophura nycthemera"
"compea","Indian Peafowl","Pavo cristatus"
"redjun","Red Junglefowl","Gallus gallus"
"blbqua1","Blue-breasted Quail","Synoicus chinensis"
"comqua1","Common Quail","Coturnix coturnix"
"japqua","Japanese Quail","Coturnix japonica"
"relpar1","Red-legged Partridge","Alectoris rufa"
"chukar","Chukar","Alectoris chukar"
"chifla1","Chilean Flamingo","Phoenicopterus chilensis"
"grefla2","American Flamingo","Phoenicopterus ruber"
"pibgre","Pied-billed Grebe","Podilymbus podiceps"
"horgre","Horned Grebe","Podiceps auritus"
"rengre","Red-necked Grebe","Podiceps grisegena"
"eargre","Eared Grebe","Podiceps nigricollis"
"wesgre","Western Grebe","Aechmophorus occidentalis"
"clagre","Clark's Grebe","Aechmophorus clarkii"
"x00427","Western x Clark's Grebe (hybrid)","Aechmophorus occidentalis x clarkii"
"rocpig","Rock Pigeon","Columba livia"
"cowpig1","Common Wood-Pigeon","Columba palumbus"
"batpig1","Band-tailed Pigeon","Patagioenas fasciata"
"paspig","Passenger Pigeon","Ectopistes migratorius"
"ortdov","Oriental Turtle-Dove","Streptopelia orientalis"
"eucdov","Eurasian Collared-Dove","Streptopelia decaocto"
"afcdov1","African Collared-Dove","Streptopelia roseogrisea"
"spodov","Spotted Dove","Spilopelia chinensis"
"laudov1","Laughing Dove","Spilopelia senegalensis"
"incdov","Inca Dove","Columbina inca"
"cogdov","Common Ground Dove","Columbina passerina"
"whwdov","White-winged Dove","Zenaida asiatica"
"moudov","Mourning Dove","Zenaida macroura"
"grbani","Groove-billed Ani","Crotophaga sulcirostris"
"yebcuc","Yellow-billed Cuckoo","Coccyzus americanus"
"bkbcuc","Black-billed Cuckoo","Coccyzus erythropthalmus"
"comcuc","Common Cuckoo","Cuculus canorus"
"lesnig","Lesser Nighthawk","Chordeiles acutipennis"
"comnig","Common Nighthawk","Chordeiles minor"
"compoo","Common Poorwill","Phalaenoptilus nuttallii"
"chwwid","Chuck-will's-widow","Antrostomus carolinensis"
"easwpw1","Eastern Whip-poor-will","Antrostomus vociferus"
"blkswi","Black Swift","Cypseloides niger"
"whcswi","White-collared Swift","Streptoprocne zonaris"
"chiswi","Chimney Swift","Chaetura pelagica"
"vauswi","Vaux's Swift","Chaetura vauxi"
"comswi","Common Swift","Apus apus"
"fotswi","Pacific Swift","Apus pacificus"
"whtswi","White-throated Swift","Aeronautes saxatalis"
"grnvie1","Mexican Violetear","Colibri thalassinus"
"maghum1","Rivoli's Hummingbird","Eugenes fulgens"
"amthum1","Amethyst-throated Mountain-gem","Lampornis amethystinus"
"rthhum","Ruby-throated Hummingbird","Archilochus colubris"
"bkchum","Black-chinned Hummingbird","Archilochus alexandri"
"annhum","Anna's Hummingbird","Calypte anna"
"x00651","Black-chinned x Anna's Hummingbird (hybrid)","Archilochus alexandri x Calypte anna"
"coshum","Costa's Hummingbird","Calypte costae"
"calhum","Calliope Hummingbird","Selasphorus calliope"
"rufhum","Rufous Hummingbird","Selasphorus rufus"
"x00738","Black-chinned x Rufous Hummingbird (hybrid)","Archilochus alexandri x Selasphorus rufus"
"x00626","Anna's x Rufous Hummingbird (hybrid)","Calypte anna x Selasphorus rufus"
"brthum","Broad-tailed Hummingbird","Selasphorus platycercus"
"brbhum","Broad-billed Hummingbird","Cynanthus latirostris"
"xanhum","Xantus's Hummingbird","Basilinna xantusii"
"kinrai4","King Rail","Rallus elegans"
"clarai11","Clapper Rail","Rallus crepitans"
"virrai","Virginia Rail","Rallus limicola"
"corcra","Corn Crake","Crex crex"
"sora","Sora","Porzana carolina"
"comgal1","Common Gallinule","Gallinula galeata"
"eurcoo","Eurasian Coot","Fulica atra"
"y00475","American Coot","Fulica americana"
"purgal2","Purple Gallinule","Porphyrio martinica"
"yelrai","Yellow Rail","Coturnicops noveboracensis"
"blkrai","Black Rail","Laterallus jamaicensis"
"limpki","Limpkin","Aramus guarauna"
"demcra1","Demoiselle Crane","Anthropoides virgo"
"sancra","Sandhill Crane","Antigone canadensis"
"comcra","Common Crane","Grus grus"
"whocra","Whooping Crane","Grus americana"
"bknsti","Black-necked Stilt","Himantopus mexicanus"
"ameavo","American Avocet","Recurvirostra americana"
"x00732","Black-necked Stilt x American Avocet (hybrid)","Himantopus mexicanus x Recurvirostra americana"
"euroys1","Eurasian Oystercatcher","Haematopus ostralegus"
"ameoys","American Oystercatcher","Haematopus palliatus"
"blkoys","Black Oystercatcher","Haematopus bachmani"
"bkbplo","Black-bellied Plover","Pluvialis squatarola"
"eugplo","European Golden-Plover","Pluvialis apricaria"
"amgplo","American Golden-Plover","Pluvialis dominica"
"pagplo","Pacific Golden-Plover","Pluvialis fulva"
"norlap","Northern Lapwing","Vanellus vanellus"
"lesplo","Lesser Sand-Plover","Charadrius mongolus"
"snoplo5","Snowy Plover","Charadrius nivosus"
"wilplo","Wilson's Plover","Charadrius wilsonia"
"corplo","Common Ringed Plover","Charadrius hiaticula"
"semplo","Semipalmated Plover","Charadrius semipalmatus"
"pipplo","Piping Plover","Charadrius melodus"
"killde","Killdeer","Charadrius vociferus"
"mouplo","Mountain Plover","Charadrius montanus"
"eurdot","Eurasian Dotterel","Charadrius morinellus"
"uplsan","Upland Sandpiper","Bartramia longicauda"
"brtcur","Bristle-thighed Curlew","Numenius tahitiensis"
"whimbr","Whimbrel","Numenius phaeopus"
"eskcur","Eskimo Curlew","Numenius borealis"
"lobcur","Long-billed Curlew","Numenius americanus"
"faecur","Far Eastern Curlew","Numenius madagascariensis"
"slbcur","Slender-billed Curlew","Numenius tenuirostris"
"eurcur","Eurasian Curlew","Numenius arquata"
"batgod","Bar-tailed Godwit","Limosa lapponica"
"bktgod","Black-tailed Godwit","Limosa limosa"
"hudgod","Hudsonian Godwit","Limosa haemastica"
"margod","Marbled Godwit","Limosa fedoa"
"rudtur","Ruddy Turnstone","Arenaria interpres"
"blktur","Black Turnstone","Arenaria melanocephala"
"redkno","Red Knot","Calidris canutus"
"surfbi","Surfbird","Calidris virgata"
"ruff","Ruff","Calidris pugnax"
"shtsan","Sharp-tailed Sandpiper","Calidris acuminata"
"stisan","Stilt Sandpiper","Calidris himantopus"
"cursan","Curlew Sandpiper","Calidris ferruginea"
"temsti","Temminck's Stint","Calidris temminckii"
"spbsan1","Spoon-billed Sandpiper","Calidris pygmaea"
"rensti","Red-necked Stint","Calidris ruficollis"
"sander","Sanderling","Calidris alba"
"dunlin","Dunlin","Calidris alpina"
"rocsan","Rock Sandpiper","Calidris ptilocnemis"
"pursan","Purple Sandpiper","Calidris maritima"
"baisan","Baird's Sandpiper","Calidris bairdii"
"litsti","Little Stint","Calidris minuta"
"leasan","Least Sandpiper","Calidris minutilla"
"whrsan","White-rumped Sandpiper","Calidris fuscicollis"
"x00430","Dunlin x White-rumped Sandpiper (hybrid)","Calidris alpina x fuscicollis"
"bubsan","Buff-breasted Sandpiper","Calidris subruficollis"
"x00431","White-rumped x Buff-breasted Sandpiper (hybrid)","Calidris fuscicollis x subruficollis"
"pecsan","Pectoral Sandpiper","Calidris melanotos"
"semsan","Semipalmated Sandpiper","Calidris pusilla"
"wessan","Western Sandpiper","Calidris mauri"
"shbdow","Short-billed Dowitcher","Limnodromus griseus"
"lobdow","Long-billed Dowitcher","Limnodromus scolopaceus"
"jacsni","Jack Snipe","Lymnocryptes minimus"
"amewoo","American Woodcock","Scolopax minor"
"comsni","Common Snipe","Gallinago gallinago"
"wilsni1","Wilson's Snipe","Gallinago delicata"
"tersan","Terek Sandpiper","Xenus cinereus"
"wilpha","Wilson's Phalarope","Phalaropus tricolor"
"renpha","Red-necked Phalarope","Phalaropus lobatus"
"redpha1","Red Phalarope","Phalaropus fulicarius"
"sposan","Spotted Sandpiper","Actitis macularius"
"solsan","Solitary Sandpiper","Tringa solitaria"
"gyttat1","Gray-tailed Tattler","Tringa brevipes"
"wantat1","Wandering Tattler","Tringa incana"
"spored","Spotted Redshank","Tringa erythropus"
"greyel","Greater Yellowlegs","Tringa melanoleuca"
"comgre","Common Greenshank","Tringa nebularia"
"willet1","Willet","Tringa semipalmata"
"lesyel","Lesser Yellowlegs","Tringa flavipes"
"marsan","Marsh Sandpiper","Tringa stagnatilis"
"woosan","Wood Sandpiper","Tringa glareola"
"comred1","Common Redshank","Tringa totanus"
"gresku1","Great Skua","Stercorarius skua"
"sopsku1","South Polar Skua","Stercorarius maccormicki"
"pomjae","Pomarine Jaeger","Stercorarius pomarinus"
"parjae","Parasitic Jaeger","Stercorarius parasiticus"
"lotjae","Long-tailed Jaeger","Stercorarius longicaudus"
"doveki","Dovekie","Alle alle"
"commur","Common Murre","Uria aalge"
"thbmur","Thick-billed Murre","Uria lomvia"
"razorb","Razorbill","Alca torda"
"blkgui","Black Guillemot","Cepphus grylle"
"piggui","Pigeon Guillemot","Cepphus columba"
"lobmur","Long-billed Murrelet","Brachyramphus perdix"
"marmur","Marbled Murrelet","Brachyramphus marmoratus"
"kitmur","Kittlitz's Murrelet","Brachyramphus brevirostris"
"xanmur2","Scripps's Murrelet","Synthliboramphus scrippsi"
"xanmur1","Guadalupe Murrelet","Synthliboramphus hypoleucus"
"ancmur","Ancient Murrelet","Synthliboramphus antiquus"
"casauk","Cassin's Auklet","Ptychoramphus aleuticus"
"parauk","Parakeet Auklet","Aethia psittacula"
"creauk","Crested Auklet","Aethia cristatella"
"rhiauk","Rhinoceros Auklet","Cerorhinca monocerata"
"atlpuf","Atlantic Puffin","Fratercula arctica"
"horpuf","Horned Puffin","Fratercula corniculata"
"tufpuf","Tufted Puffin","Fratercula cirrhata"
"bklkit","Black-legged Kittiwake","Rissa tridactyla"
"relkit","Red-legged Kittiwake","Rissa brevirostris"
"ivogul","Ivory Gull","Pagophila eburnea"
"sabgul","Sabine's Gull","Xema sabini"
"bongul","Bonaparte's Gull","Chroicocephalus philadelphia"
"bkhgul","Black-headed Gull","Chroicocephalus ridibundus"
"litgul","Little Gull","Hydrocoloeus minutus"
"rosgul","Ross's Gull","Rhodostethia rosea"
"laugul","Laughing Gull","Leucophaeus atricilla"
"fragul","Franklin's Gull","Leucophaeus pipixcan"
"bktgul","Black-tailed Gull","Larus crassirostris"
"heegul","Heermann's Gull","Larus heermanni"
"mewgul","Common Gull","Larus canus"
"mewgul2","Short-billed Gull","Larus brachyrhynchus"
"ribgul","Ring-billed Gull","Larus delawarensis"
"x00641","Black-headed x Ring-billed Gull (hybrid)","Chroicocephalus ridibundus x Larus delawarensis"
"x00616","Laughing x Ring-billed Gull (hybrid)","Leucophaeus atricilla x Larus delawarensis"
"wesgul","Western Gull","Larus occidentalis"
"calgul","California Gull","Larus californicus"
"hergul","Herring Gull","Larus argentatus"
"x00797","California x Herring Gull (hybrid)","Larus californicus x argentatus"
"yelgul1","Yellow-legged Gull","Larus michahellis"
"y00478","Iceland Gull","Larus glaucoides"
"lbbgul","Lesser Black-backed Gull","Larus fuscus"
"x00057","Herring x Lesser Black-backed Gull (hybrid)","Larus argentatus x fuscus"
"slbgul","Slaty-backed Gull","Larus schistisagus"
"glwgul","Glaucous-winged Gull","Larus glaucescens"
"x00051","Western x Glaucous-winged Gull (hybrid)","Larus occidentalis x glaucescens"
"x00050","Herring x Glaucous-winged Gull (hybrid)","Larus argentatus x glaucescens"
"x00436","Slaty-backed x Glaucous-winged Gull (hybrid)","Larus schistisagus x glaucescens"
"glagul","Glaucous Gull","Larus hyperboreus"
"nelgul","Herring x Glaucous Gull (hybrid)","Larus argentatus x hyperboreus"
"x00048","Glaucous-winged x Glaucous Gull (hybrid)","Larus glaucescens x hyperboreus"
"gbbgul","Great Black-backed Gull","Larus marinus"
"x00047","Herring x Great Black-backed Gull (hybrid)","Larus argentatus x marinus"
"x00632","Glaucous x Great Black-backed Gull (hybrid)","Larus hyperboreus x marinus"
"kelgul","Kelp Gull","Larus dominicanus"
"sooter1","Sooty Tern","Onychoprion fuscatus"
"briter1","Bridled Tern","Onychoprion anaethetus"
"leater1","Least Tern","Sternula antillarum"
"gubter1","Gull-billed Tern","Gelochelidon nilotica"
"caster1","Caspian Tern","Hydroprogne caspia"
"blkter","Black Tern","Chlidonias niger"
"whwter","White-winged Tern","Chlidonias leucopterus"
"roster","Roseate Tern","Sterna dougallii"
"comter","Common Tern","Sterna hirundo"
"x00735","Roseate x Common Tern (hybrid)","Sterna dougallii x hirundo"
"arcter","Arctic Tern","Sterna paradisaea"
"forter","Forster's Tern","Sterna forsteri"
"royter1","Royal Tern","Thalasseus maximus"
"santer1","Sandwich Tern","Thalasseus sandvicensis"
"eleter1","Elegant Tern","Thalasseus elegans"
"blkski","Black Skimmer","Rynchops niger"
"whttro","White-tailed Tropicbird","Phaethon lepturus"
"rebtro","Red-billed Tropicbird","Phaethon aethereus"
"retloo","Red-throated Loon","Gavia stellata"
"arcloo","Arctic Loon","Gavia arctica"
"pacloo","Pacific Loon","Gavia pacifica"
"comloo","Common Loon","Gavia immer"
"yebloo","Yellow-billed Loon","Gavia adamsii"
"yenalb","Yellow-nosed Albatross","Thalassarche chlororhynchos"
"bkbalb","Black-browed Albatross","Thalassarche melanophris"
"layalb","Laysan Albatross","Phoebastria immutabilis"
"bkfalb","Black-footed Albatross","Phoebastria nigripes"
"shtalb","Short-tailed Albatross","Phoebastria albatrus"
"wispet","Wilson's Storm-Petrel","Oceanites oceanicus"
"wfspet","White-faced Storm-Petrel","Pelagodroma marina"
"ftspet","Fork-tailed Storm-Petrel","Hydrobates furcatus"
"lcspet","Leach's Storm-Petrel","Hydrobates leucorhous"
"barpet","Band-rumped Storm-Petrel","Hydrobates castro"
"norful","Northern Fulmar","Fulmarus glacialis"
"tripet1","Trindade Petrel","Pterodroma arminjoniana"
"murpet","Murphy's Petrel","Pterodroma ultima"
"feapet1","Fea's Petrel","Pterodroma feae"
"motpet","Mottled Petrel","Pterodroma inexpectata"
"berpet","Bermuda Petrel","Pterodroma cahow"
"bkcpet","Black-capped Petrel","Pterodroma hasitata"
"hawpet1","Hawaiian Petrel","Pterodroma sandwichensis"
"coopet","Cook's Petrel","Pterodroma cookii"
"corshe","Cory's Shearwater","Calonectris diomedea"
"pifshe","Pink-footed Shearwater","Ardenna creatopus"
"flfshe","Flesh-footed Shearwater","Ardenna carneipes"
"greshe","Great Shearwater","Ardenna gravis"
"bulshe","Buller's Shearwater","Ardenna bulleri"
"sooshe","Sooty Shearwater","Ardenna grisea"
"shtshe","Short-tailed Shearwater","Ardenna tenuirostris"
"manshe","Manx Shearwater","Puffinus puffinus"
"litshe1","Barolo Shearwater","Puffinus baroli"
"audshe","Audubon's Shearwater","Puffinus lherminieri"
"woosto","Wood Stork","Mycteria americana"
"magfri","Magnificent Frigatebird","Fregata magnificens"
"masboo","Masked Booby","Sula dactylatra"
"nazboo1","Nazca Booby","Sula granti"
"brnboo","Brown Booby","Sula leucogaster"
"refboo","Red-footed Booby","Sula sula"
"norgan","Northern Gannet","Morus bassanus"
"anhing","Anhinga","Anhinga anhinga"
"bracor","Brandt's Cormorant","Urile penicillatus"
"pelcor","Pelagic Cormorant","Urile pelagicus"
"grecor","Great Cormorant","Phalacrocorax carbo"
"doccor","Double-crested Cormorant","Nannopterum auritum"
"neocor","Neotropic Cormorant","Nannopterum brasilianum"
"amwpel","American White Pelican","Pelecanus erythrorhynchos"
"brnpel","Brown Pelican","Pelecanus occidentalis"
"grwpel1","Great White Pelican","Pelecanus onocrotalus"
"amebit","American Bittern","Botaurus lentiginosus"
"leabit","Least Bittern","Ixobrychus exilis"
"grbher3","Great Blue Heron","Ardea herodias"
"graher1","Gray Heron","Ardea cinerea"
"greegr","Great Egret","Ardea alba"
"litegr","Little Egret","Egretta garzetta"
"werher","Western Reef-Heron","Egretta gularis"
"snoegr","Snowy Egret","Egretta thula"
"libher","Little Blue Heron","Egretta caerulea"
"triher","Tricolored Heron","Egretta tricolor"
"redegr","Reddish Egret","Egretta rufescens"
"categr","Cattle Egret","Bubulcus ibis"
"grnher","Green Heron","Butorides virescens"
"bcnher","Black-crowned Night-Heron","Nycticorax nycticorax"
"ycnher","Yellow-crowned Night-Heron","Nyctanassa violacea"
"whiibi","White Ibis","Eudocimus albus"
"gloibi","Glossy Ibis","Plegadis falcinellus"
"whfibi","White-faced Ibis","Plegadis chihi"
"gxwibi1","Glossy x White-faced Ibis (hybrid)","Plegadis falcinellus x chihi"
"rosspo1","Roseate Spoonbill","Platalea ajaja"
"blkvul","Black Vulture","Coragyps atratus"
"turvul","Turkey Vulture","Cathartes aura"
"osprey","Osprey","Pandion haliaetus"
"whtkit","White-tailed Kite","Elanus leucurus"
"swtkit","Swallow-tailed Kite","Elanoides forficatus"
"goleag","Golden Eagle","Aquila chrysaetos"
"miskit","Mississippi Kite","Ictinia mississippiensis"
"norhar2","Northern Harrier","Circus hudsonius"
"shshaw","Sharp-shinned Hawk","Accipiter striatus"
"coohaw","Cooper's Hawk","Accipiter cooperii"
"norgos","Northern Goshawk","Accipiter gentilis"
"baleag","Bald Eagle","Haliaeetus leucocephalus"
"stseag","Steller's Sea-Eagle","Haliaeetus pelagicus"
"hrshaw","Harris's Hawk","Parabuteo unicinctus"
"reshaw","Red-shouldered Hawk","Buteo lineatus"
"brwhaw","Broad-winged Hawk","Buteo platypterus"
"swahaw","Swainson's Hawk","Buteo swainsoni"
"zothaw","Zone-tailed Hawk","Buteo albonotatus"
"rethaw","Red-tailed Hawk","Buteo jamaicensis"
"x00686","Red-shouldered x Red-tailed Hawk (hybrid)","Buteo lineatus x jamaicensis"
"rolhaw","Rough-legged Hawk","Buteo lagopus"
"x00731","Red-tailed x Rough-legged Hawk (hybrid)","Buteo jamaicensis x lagopus"
"ferhaw","Ferruginous Hawk","Buteo regalis"
"brnowl","Barn Owl","Tyto alba"
"flaowl","Flammulated Owl","Psiloscops flammeolus"
"wesowl1","Western Screech-Owl","Megascops kennicottii"
"easowl1","Eastern Screech-Owl","Megascops asio"
"snoowl1","Snowy Owl","Bubo scandiacus"
"grhowl","Great Horned Owl","Bubo virginianus"
"nohowl","Northern Hawk Owl","Surnia ulula"
"nopowl","Northern Pygmy-Owl","Glaucidium gnoma"
"burowl","Burrowing Owl","Athene cunicularia"
"spoowl","Spotted Owl","Strix occidentalis"
"brdowl","Barred Owl","Strix varia"
"grgowl","Great Gray Owl","Strix nebulosa"
"loeowl","Long-eared Owl","Asio otus"
"sheowl","Short-eared Owl","Asio flammeus"
"borowl","Boreal Owl","Aegolius funereus"
"nswowl","Northern Saw-whet Owl","Aegolius acadicus"
"belkin1","Belted Kingfisher","Megaceryle alcyon"
"ncbeat1","Northern Carmine Bee-eater","Merops nubicus"
"wilsap","Williamson's Sapsucker","Sphyrapicus thyroideus"
"yebsap","Yellow-bellied Sapsucker","Sphyrapicus varius"
"rensap","Red-naped Sapsucker","Sphyrapicus nuchalis"
"x00634","Yellow-bellied x Red-naped Sapsucker (hybrid)","Sphyrapicus varius x nuchalis"
"rebsap","Red-breasted Sapsucker","Sphyrapicus ruber"
"x00712","Yellow-bellied x Red-breasted Sapsucker (hybrid)","Sphyrapicus varius x ruber"
"rnxsap1","Red-naped x Red-breasted Sapsucker (hybrid)","Sphyrapicus nuchalis x ruber"
"lewwoo","Lewis's Woodpecker","Melanerpes lewis"
"rehwoo","Red-headed Woodpecker","Melanerpes erythrocephalus"
"acowoo","Acorn Woodpecker","Melanerpes formicivorus"
"rebwoo","Red-bellied Woodpecker","Melanerpes carolinus"
"attwoo1","American Three-toed Woodpecker","Picoides dorsalis"
"bkbwoo","Black-backed Woodpecker","Picoides arcticus"
"dowwoo","Downy Woodpecker","Dryobates pubescens"
"haiwoo","Hairy Woodpecker","Dryobates villosus"
"whhwoo","White-headed Woodpecker","Dryobates albolarvatus"
"pilwoo","Pileated Woodpecker","Dryocopus pileatus"
"norfli","Northern Flicker","Colaptes auratus"
"y00678","Crested Caracara","Caracara plancus"
"eurkes","Eurasian Kestrel","Falco tinnunculus"
"amekes","American Kestrel","Falco sparverius"
"merlin","Merlin","Falco columbarius"
"gyrfal","Gyrfalcon","Falco rusticolus"
"perfal","Peregrine Falcon","Falco peregrinus"
"prafal","Prairie Falcon","Falco mexicanus"
"cockat","Cockatiel","Nymphicus hollandicus"
"rorpar","Rose-ringed Parakeet","Psittacula krameri"
"rerpar1","Red-rumped Parrot","Psephotus haematonotus"
"budger","Budgerigar","Melopsittacus undulatus"
"rehlov1","Red-headed Lovebird","Agapornis pullarius"
"peflov","Rosy-faced Lovebird","Agapornis roseicollis"
"fislov1","Fischer's Lovebird","Agapornis fischeri"
"rebpar1","Red-bellied Parrot","Poicephalus rufiventris"
"monpar","Monk Parakeet","Myiopsitta monachus"
"gncpar","Green-cheeked Parakeet","Pyrrhura molinae"
"bkhpar","Nanday Parakeet","Aratinga nenday"
"mitpar","Mitred Parakeet","Psittacara mitratus"
"smbela1","Small-billed Elaenia","Elaenia parvirostris"
"olsfly","Olive-sided Flycatcher","Contopus cooperi"
"wewpew","Western Wood-Pewee","Contopus sordidulus"
"eawpew","Eastern Wood-Pewee","Contopus virens"
"yebfly","Yellow-bellied Flycatcher","Empidonax flaviventris"
"acafly","Acadian Flycatcher","Empidonax virescens"
"aldfly","Alder Flycatcher","Empidonax alnorum"
"wilfly","Willow Flycatcher","Empidonax traillii"
"leafly","Least Flycatcher","Empidonax minimus"
"hamfly","Hammond's Flycatcher","Empidonax hammondii"
"gryfly","Gray Flycatcher","Empidonax wrightii"
"dusfly","Dusky Flycatcher","Empidonax oberholseri"
"pasfly","Pacific-slope Flycatcher","Empidonax difficilis"
"corfly","Cordilleran Flycatcher","Empidonax occidentalis"
"blkpho","Black Phoebe","Sayornis nigricans"
"easpho","Eastern Phoebe","Sayornis phoebe"
"saypho","Say's Phoebe","Sayornis saya"
"verfly","Vermilion Flycatcher","Pyrocephalus rubinus"
"astfly","Ash-throated Flycatcher","Myiarchus cinerascens"
"grcfly","Great Crested Flycatcher","Myiarchus crinitus"
"grekis","Great Kiskadee","Pitangus sulphuratus"
"subfly","Sulphur-bellied Flycatcher","Myiodynastes luteiventris"
"varfly","Variegated Flycatcher","Empidonomus varius"
"trokin","Tropical Kingbird","Tyrannus melancholicus"
"caskin","Cassin's Kingbird","Tyrannus vociferans"
"thbkin","Thick-billed Kingbird","Tyrannus crassirostris"
"weskin","Western Kingbird","Tyrannus verticalis"
"easkin","Eastern Kingbird","Tyrannus tyrannus"
"x00718","Western x Eastern Kingbird (hybrid)","Tyrannus verticalis x tyrannus"
"grykin","Gray Kingbird","Tyrannus dominicensis"
"sctfly","Scissor-tailed Flycatcher","Tyrannus forficatus"
"fotfly","Fork-tailed Flycatcher","Tyrannus savana"
"bkcvir1","Black-capped Vireo","Vireo atricapilla"
"whevir","White-eyed Vireo","Vireo griseus"
"belvir","Bell's Vireo","Vireo bellii"
"hutvir","Hutton's Vireo","Vireo huttoni"
"yetvir","Yellow-throated Vireo","Vireo flavifrons"
"casvir","Cassin's Vireo","Vireo cassinii"
"buhvir","Blue-headed Vireo","Vireo solitarius"
"plsvir","Plumbeous Vireo","Vireo plumbeus"
"phivir","Philadelphia Vireo","Vireo philadelphicus"
"warvir","Warbling Vireo","Vireo gilvus"
"reevir1","Red-eyed Vireo","Vireo olivaceus"
"yegvir","Yellow-green Vireo","Vireo flavoviridis"
"rebshr1","Red-backed Shrike","Lanius collurio"
"brnshr","Brown Shrike","Lanius cristatus"
"logshr","Loggerhead Shrike","Lanius ludovicianus"
"norshr4","Northern Shrike","Lanius borealis"
"gryjay","Canada Jay","Perisoreus canadensis"
"pinjay","Pinyon Jay","Gymnorhinus cyanocephalus"
"stejay","Steller's Jay","Cyanocitta stelleri"
"blujay","Blue Jay","Cyanocitta cristata"
"x00622","Steller's x Blue Jay (hybrid)","Cyanocitta stelleri x cristata"
"flsjay","Florida Scrub-Jay","Aphelocoma coerulescens"
"cowscj1","California Scrub-Jay","Aphelocoma californica"
"x00964","Steller's Jay x California Scrub-Jay (hybrid)","Cyanocitta stelleri x Aphelocoma californica"
"wooscj2","Woodhouse's Scrub-Jay","Aphelocoma woodhouseii"
"bkbmag1","Black-billed Magpie","Pica hudsonia"
"clanut","Clark's Nutcracker","Nucifraga columbiana"
"eurjac","Eurasian Jackdaw","Corvus monedula"
"amecro","American Crow","Corvus brachyrhynchos"
"fiscro","Fish Crow","Corvus ossifragus"
"chirav","Chihuahuan Raven","Corvus cryptoleucus"
"hoocro1","Hooded Crow","Corvus cornix"
"piecro1","Pied Crow","Corvus albus"
"comrav","Common Raven","Corvus corax"
"carchi","Carolina Chickadee","Poecile carolinensis"
"bkcchi","Black-capped Chickadee","Poecile atricapillus"
"x00195","Carolina x Black-capped Chickadee (hybrid)","Poecile carolinensis x atricapillus"
"mouchi","Mountain Chickadee","Poecile gambeli"
"x00623","Black-capped x Mountain Chickadee (hybrid)","Poecile atricapillus x gambeli"
"chbchi","Chestnut-backed Chickadee","Poecile rufescens"
"borchi2","Boreal Chickadee","Poecile hudsonicus"
"gyhchi","Gray-headed Chickadee","Poecile cinctus"
"blutit","Eurasian Blue Tit","Cyanistes caeruleus"
"tuftit","Tufted Titmouse","Baeolophus bicolor"
"gretit1","Great Tit","Parus major"
"horlar","Horned Lark","Eremophila alpestris"
"skylar","Eurasian Skylark","Alauda arvensis"
"nrwswa","Northern Rough-winged Swallow","Stelgidopteryx serripennis"
"purmar","Purple Martin","Progne subis"
"treswa","Tree Swallow","Tachycineta bicolor"
"vigswa","Violet-green Swallow","Tachycineta thalassina"
"banswa","Bank Swallow","Riparia riparia"
"barswa","Barn Swallow","Hirundo rustica"
"cliswa","Cliff Swallow","Petrochelidon pyrrhonota"
"x00717","Barn x Cliff Swallow (hybrid)","Hirundo rustica x Petrochelidon pyrrhonota"
"x00661","Violet-green x Cliff Swallow (hybrid)","Tachycineta thalassina x Petrochelidon pyrrhonota"
"cavswa","Cave Swallow","Petrochelidon fulva"
"colfin1","Collared Finchbill","Spizixos semitorques"
"yebwar3","Yellow-browed Warbler","Phylloscopus inornatus"
"arcwar1","Arctic Warbler","Phylloscopus borealis"
"bushti","Bushtit","Psaltriparus minimus"
"ruckin","Ruby-crowned Kinglet","Corthylio calendula"
"gockin","Golden-crowned Kinglet","Regulus satrapa"
"rebnut","Red-breasted Nuthatch","Sitta canadensis"
"whbnut","White-breasted Nuthatch","Sitta carolinensis"
"pygnut","Pygmy Nuthatch","Sitta pygmaea"
"brncre","Brown Creeper","Certhia americana"
"buggna","Blue-gray Gnatcatcher","Polioptila caerulea"
"rocwre","Rock Wren","Salpinctes obsoletus"
"canwre","Canyon Wren","Catherpes mexicanus"
"houwre","House Wren","Troglodytes aedon"
"pacwre1","Pacific Wren","Troglodytes pacificus"
"winwre3","Winter Wren","Troglodytes hiemalis"
"sedwre1","Sedge Wren","Cistothorus stellaris"
"marwre","Marsh Wren","Cistothorus palustris"
"carwre","Carolina Wren","Thryothorus ludovicianus"
"bewwre","Bewick's Wren","Thryomanes bewickii"
"amedip","American Dipper","Cinclus mexicanus"
"hilmyn","Common Hill Myna","Gracula religiosa"
"eursta","European Starling","Sturnus vulgaris"
"commyn","Common Myna","Acridotheres tristis"
"cremyn","Crested Myna","Acridotheres cristatellus"
"grycat","Gray Catbird","Dumetella carolinensis"
"cubthr","Curve-billed Thrasher","Toxostoma curvirostre"
"brnthr","Brown Thrasher","Toxostoma rufum"
"sagthr","Sage Thrasher","Oreoscoptes montanus"
"normoc","Northern Mockingbird","Mimus polyglottos"
"easblu","Eastern Bluebird","Sialia sialis"
"wesblu","Western Bluebird","Sialia mexicana"
"moublu","Mountain Bluebird","Sialia currucoides"
"x00864","Eastern x Mountain Bluebird (hybrid)","Sialia sialis x currucoides"
"towsol","Townsend's Solitaire","Myadestes townsendi"
"varthr","Varied Thrush","Ixoreus naevius"
"veery","Veery","Catharus fuscescens"
"gycthr","Gray-cheeked Thrush","Catharus minimus"
"bicthr","Bicknell's Thrush","Catharus bicknelli"
"swathr","Swainson's Thrush","Catharus ustulatus"
"herthr","Hermit Thrush","Catharus guttatus"
"woothr","Wood Thrush","Hylocichla mustelina"
"misthr1","Mistle Thrush","Turdus viscivorus"
"sonthr1","Song Thrush","Turdus philomelos"
"redwin","Redwing","Turdus iliacus"
"eurbla","Eurasian Blackbird","Turdus merula"
"amerob","American Robin","Turdus migratorius"
"fieldf","Fieldfare","Turdus pilaris"
"dusthr2","Dusky Thrush","Turdus eunomus"
"blueth","Bluethroat","Luscinia svecica"
"sibrub","Siberian Rubythroat","Calliope calliope"
"refblu","Red-flanked Bluetail","Tarsiger cyanurus"
"norwhe","Northern Wheatear","Oenanthe oenanthe"
"bohwax","Bohemian Waxwing","Bombycilla garrulus"
"cedwax","Cedar Waxwing","Bombycilla cedrorum"
"phaino","Phainopepla","Phainopepla nitens"
"rebque1","Red-billed Quelea","Quelea quelea"
"orabis1","Northern Red Bishop","Euplectes franciscanus"
"redbis","Southern Red Bishop","Euplectes orix"
"dobfin1","Double-barred Finch","Stizoptera bichenovii"
"zebfin2","Zebra Finch","Taeniopygia guttata"
"javspa","Java Sparrow","Padda oryzivora"
"nutman","Scaly-breasted Munia","Lonchura punctulata"
"whrmun","White-rumped Munia","Lonchura striata"
"goufin3","Gouldian Finch","Chloebia gouldiae"
"comwax","Common Waxbill","Estrilda astrild"
"redava","Red Avadavat","Amandava amandava"
"reccor","Red-cheeked Cordonbleu","Uraeginthus bengalus"
"sibacc","Siberian Accentor","Prunella montanella"
"houspa","House Sparrow","Passer domesticus"
"eutspa","Eurasian Tree Sparrow","Passer montanus"
"x00754","House x Eurasian Tree Sparrow (hybrid)","Passer domesticus x montanus"
"eaywag","Eastern Yellow Wagtail","Motacilla tschutschensis"
"citwag","Citrine Wagtail","Motacilla citreola"
"whiwag","White Wagtail","Motacilla alba"
"retpip","Red-throated Pipit","Anthus cervinus"
"amepip","American Pipit","Anthus rubescens"
"sprpip","Sprague's Pipit","Anthus spragueii"
"comcha","Common Chaffinch","Fringilla coelebs"
"brambl","Brambling","Fringilla montifringilla"
"evegro","Evening Grosbeak","Coccothraustes vespertinus"
"hawfin","Hawfinch","Coccothraustes coccothraustes"
"pingro","Pine Grosbeak","Pinicola enucleator"
"eurbul","Eurasian Bullfinch","Pyrrhula pyrrhula"
"gcrfin","Gray-crowned Rosy-Finch","Leucosticte tephrocotis"
"houfin","House Finch","Haemorhous mexicanus"
"purfin","Purple Finch","Haemorhous purpureus"
"casfin","Cassin's Finch","Haemorhous cassinii"
"eurgre1","European Greenfinch","Chloris chloris"
"origre","Oriental Greenfinch","Chloris sinica"
"yefcan","Yellow-fronted Canary","Crithagra mozambica"
"comred","Common Redpoll","Acanthis flammea"
"hoared","Hoary Redpoll","Acanthis hornemanni"
"x00625","Common x Hoary Redpoll (hybrid)","Acanthis flammea x hornemanni"
"redcro","Red Crossbill","Loxia curvirostra"
"whwcro","White-winged Crossbill","Loxia leucoptera"
"eurgol","European Goldfinch","Carduelis carduelis"
"comcan","Island Canary","Serinus canaria"
"eursis","Eurasian Siskin","Spinus spinus"
"pinsis","Pine Siskin","Spinus pinus"
"lesgol","Lesser Goldfinch","Spinus psaltria"
"amegfi","American Goldfinch","Spinus tristis"
"x00905","Pine Siskin x American Goldfinch (hybrid)","Spinus pinus x tristis"
"laplon","Lapland Longspur","Calcarius lapponicus"
"chclon","Chestnut-collared Longspur","Calcarius ornatus"
"smilon","Smith's Longspur","Calcarius pictus"
"mcclon","Thick-billed Longspur","Rhynchophanes mccownii"
"snobun","Snow Bunting","Plectrophenax nivalis"
"x00919","Lapland Longspur x Snow Bunting (hybrid)","Calcarius lapponicus x Plectrophenax nivalis"
"mckbun","McKay's Bunting","Plectrophenax hyperboreus"
"pinbun","Pine Bunting","Emberiza leucocephalos"
"yebbun","Yellow-breasted Bunting","Emberiza aureola"
"rusbun","Rustic Bunting","Emberiza rustica"
"casspa","Cassin's Sparrow","Peucaea cassinii"
"bacspa","Bachman's Sparrow","Peucaea aestivalis"
"graspa","Grasshopper Sparrow","Ammodramus savannarum"
"chispa","Chipping Sparrow","Spizella passerina"
"clcspa","Clay-colored Sparrow","Spizella pallida"
"x00198","Chipping x Clay-colored Sparrow (hybrid)","Spizella passerina x pallida"
"fiespa","Field Sparrow","Spizella pusilla"
"x00976","Chipping x Field Sparrow (hybrid)","Spizella passerina x pusilla"
"x00200","Clay-colored x Field Sparrow (hybrid)","Spizella pallida x pusilla"
"brespa","Brewer's Sparrow","Spizella breweri"
"bktspa","Black-throated Sparrow","Amphispiza bilineata"
"larspa","Lark Sparrow","Chondestes grammacus"
"larbun","Lark Bunting","Calamospiza melanocorys"
"amtspa","American Tree Sparrow","Spizelloides arborea"
"foxspa","Fox Sparrow","Passerella iliaca"
"daejun","Dark-eyed Junco","Junco hyemalis"
"whcspa","White-crowned Sparrow","Zonotrichia leucophrys"
"gocspa","Golden-crowned Sparrow","Zonotrichia atricapilla"
"x00053","White-crowned x Golden-crowned Sparrow (hybrid)","Zonotrichia leucophrys x atricapilla"
"harspa","Harris's Sparrow","Zonotrichia querula"
"whtspa","White-throated Sparrow","Zonotrichia albicollis"
"x00451","White-crowned x White-throated Sparrow (hybrid)","Zonotrichia leucophrys x albicollis"
"x00720","Golden-crowned x White-throated Sparrow (hybrid)","Zonotrichia atricapilla x albicollis"
"x00039","Dark-eyed Junco x White-throated Sparrow (hybrid)","Junco hyemalis x Zonotrichia albicollis"
"sagspa1","Sagebrush Sparrow","Artemisiospiza nevadensis"
"belspa2","Bell's Sparrow","Artemisiospiza belli"
"vesspa","Vesper Sparrow","Pooecetes gramineus"
"lecspa","LeConte's Sparrow","Ammospiza leconteii"
"seaspa","Seaside Sparrow","Ammospiza maritima"
"nstspa","Nelson's Sparrow","Ammospiza nelsoni"
"sstspa","Saltmarsh Sparrow","Ammospiza caudacuta"
"savspa","Savannah Sparrow","Passerculus sandwichensis"
"baispa","Baird's Sparrow","Centronyx bairdii"
"henspa","Henslow's Sparrow","Centronyx henslowii"
"sonspa","Song Sparrow","Melospiza melodia"
"linspa","Lincoln's Sparrow","Melospiza lincolnii"
"x00474","Song x Lincoln's Sparrow (hybrid)","Melospiza melodia x lincolnii"
"swaspa","Swamp Sparrow","Melospiza georgiana"
"gnttow","Green-tailed Towhee","Pipilo chlorurus"
"spotow","Spotted Towhee","Pipilo maculatus"
"eastow","Eastern Towhee","Pipilo erythrophthalmus"
"x00446","Spotted x Eastern Towhee (hybrid)","Pipilo maculatus x erythrophthalmus"
"yebcha","Yellow-breasted Chat","Icteria virens"
"yehbla","Yellow-headed Blackbird","Xanthocephalus xanthocephalus"
"boboli","Bobolink","Dolichonyx oryzivorus"
"wesmea","Western Meadowlark","Sturnella neglecta"
"easmea","Eastern Meadowlark","Sturnella magna"
"x00827","Western x Eastern Meadowlark (hybrid)","Sturnella neglecta x magna"
"orcori","Orchard Oriole","Icterus spurius"
"hooori","Hooded Oriole","Icterus cucullatus"
"stbori","Streak-backed Oriole","Icterus pustulatus"
"bulori","Bullock's Oriole","Icterus bullockii"
"balori","Baltimore Oriole","Icterus galbula"
"x00013","Bullock's x Baltimore Oriole (hybrid)","Icterus bullockii x galbula"
"scoori","Scott's Oriole","Icterus parisorum"
"rewbla","Red-winged Blackbird","Agelaius phoeniceus"
"shicow","Shiny Cowbird","Molothrus bonariensis"
"brocow","Bronzed Cowbird","Molothrus aeneus"
"bnhcow","Brown-headed Cowbird","Molothrus ater"
"rusbla","Rusty Blackbird","Euphagus carolinus"
"brebla","Brewer's Blackbird","Euphagus cyanocephalus"
"comgra","Common Grackle","Quiscalus quiscula"
"grtgra","Great-tailed Grackle","Quiscalus mexicanus"
"ovenbi1","Ovenbird","Seiurus aurocapilla"
"woewar1","Worm-eating Warbler","Helmitheros vermivorum"
"louwat","Louisiana Waterthrush","Parkesia motacilla"
"norwat","Northern Waterthrush","Parkesia noveboracensis"
"gowwar","Golden-winged Warbler","Vermivora chrysoptera"
"buwwar","Blue-winged Warbler","Vermivora cyanoptera"
"x00669","Golden-winged x Blue-winged Warbler (hybrid)","Vermivora chrysoptera x cyanoptera"
"brewar","Brewster's Warbler (hybrid)","Vermivora chrysoptera x cyanoptera (F1 hybrid)"
"lawwar","Lawrence's Warbler (hybrid)","Vermivora chrysoptera x cyanoptera (F2 backcross)"
"bawwar","Black-and-white Warbler","Mniotilta varia"
"prowar","Prothonotary Warbler","Protonotaria citrea"
"swawar","Swainson's Warbler","Limnothlypis swainsonii"
"tenwar","Tennessee Warbler","Leiothlypis peregrina"
"orcwar","Orange-crowned Warbler","Leiothlypis celata"
"lucwar","Lucy's Warbler","Leiothlypis luciae"
"naswar","Nashville Warbler","Leiothlypis ruficapilla"
"x01013","Tennessee x Nashville Warbler (hybrid)","Leiothlypis peregrina x ruficapilla"
"x00819","Orange-crowned x Nashville Warbler (hybrid)","Leiothlypis celata x ruficapilla"
"virwar","Virginia's Warbler","Leiothlypis virginiae"
"conwar","Connecticut Warbler","Oporornis agilis"
"macwar","MacGillivray's Warbler","Geothlypis tolmiei"
"mouwar","Mourning Warbler","Geothlypis philadelphia"
"x00699","MacGillivray's x Mourning Warbler (hybrid)","Geothlypis tolmiei x philadelphia"
"kenwar","Kentucky Warbler","Geothlypis formosa"
"comyel","Common Yellowthroat","Geothlypis trichas"
"x00749","Mourning Warbler x Common Yellowthroat (hybrid)","Geothlypis philadelphia x trichas"
"hoowar","Hooded Warbler","Setophaga citrina"
"amered","American Redstart","Setophaga ruticilla"
"kirwar","Kirtland's Warbler","Setophaga kirtlandii"
"camwar","Cape May Warbler","Setophaga tigrina"
"cerwar","Cerulean Warbler","Setophaga cerulea"
"norpar","Northern Parula","Setophaga americana"
"magwar","Magnolia Warbler","Setophaga magnolia"
"x00820","Nashville x Magnolia Warbler (hybrid)","Leiothlypis ruficapilla x Setophaga magnolia"
"babwar","Bay-breasted Warbler","Setophaga castanea"
"bkbwar","Blackburnian Warbler","Setophaga fusca"
"yelwar","Yellow Warbler","Setophaga petechia"
"chswar","Chestnut-sided Warbler","Setophaga pensylvanica"
"x00772","Magnolia x Chestnut-sided Warbler (hybrid)","Setophaga magnolia x pensylvanica"
"bkpwar","Blackpoll Warbler","Setophaga striata"
"btbwar","Black-throated Blue Warbler","Setophaga caerulescens"
"x00978","Magnolia x Black-throated Blue Warbler (hybrid)","Setophaga magnolia x caerulescens"
"palwar","Palm Warbler","Setophaga palmarum"
"pinwar","Pine Warbler","Setophaga pinus"
"yerwar","Yellow-rumped Warbler","Setophaga coronata"
"x00773","Magnolia x Yellow-rumped Warbler (hybrid)","Setophaga magnolia x coronata"
"x00461","Palm x Yellow-rumped Warbler (hybrid)","Setophaga palmarum x coronata"
"yetwar","Yellow-throated Warbler","Setophaga dominica"
"prawar","Prairie Warbler","Setophaga discolor"
"grawar","Grace's Warbler","Setophaga graciae"
"btywar","Black-throated Gray Warbler","Setophaga nigrescens"
"towwar","Townsend's Warbler","Setophaga townsendi"
"x00867","Black-throated Gray x Townsend's Warbler (hybrid)","Setophaga nigrescens x townsendi"
"herwar","Hermit Warbler","Setophaga occidentalis"
"x00059","Townsend's x Hermit Warbler (hybrid)","Setophaga townsendi x occidentalis"
"btnwar","Black-throated Green Warbler","Setophaga virens"
"x00664","Townsend's x Black-throated Green Warbler (hybrid)","Setophaga townsendi x virens"
"canwar","Canada Warbler","Cardellina canadensis"
"wlswar","Wilson's Warbler","Cardellina pusilla"
"paired","Painted Redstart","Myioborus pictus"
"heptan","Hepatic Tanager","Piranga flava"
"sumtan","Summer Tanager","Piranga rubra"
"scatan","Scarlet Tanager","Piranga olivacea"
"westan","Western Tanager","Piranga ludoviciana"
"norcar","Northern Cardinal","Cardinalis cardinalis"
"pyrrhu","Pyrrhuloxia","Cardinalis sinuatus"
"robgro","Rose-breasted Grosbeak","Pheucticus ludovicianus"
"bkhgro","Black-headed Grosbeak","Pheucticus melanocephalus"
"x00448","Rose-breasted x Black-headed Grosbeak (hybrid)","Pheucticus ludovicianus x melanocephalus"
"blugrb1","Blue Grosbeak","Passerina caerulea"
"lazbun","Lazuli Bunting","Passerina amoena"
"indbun","Indigo Bunting","Passerina cyanea"
"ixlbun","Lazuli x Indigo Bunting (hybrid)","Passerina amoena x cyanea"
"varbun","Varied Bunting","Passerina versicolor"
"paibun","Painted Bunting","Passerina ciris"
"dickci","Dickcissel","Spiza americana"
"reccar","Red-crested Cardinal","Paroaria coronata"
"saffin","Saffron Finch","Sicalis flaveola"
"lessee2","Lesson's Seedeater","Sporophila bouvronides"
